Year,Month,Day,Hour,Minute,Temperature,Humidity,Solar
2019,3,21,0,0,25.38,87,0
2019,3,21,1,0,25.1,90,0
2019,3,21,2,0,25.9,86,0
2019,3,21,3,0,26.18,85,0
2019,3,21,4,0,26.38,84,0
2019,3,21,5,0,26.43,84,0
2019,3,21,6,0,26.43,83,0
2019,3,21,7,0,27.32,78,65.86
2019,3,21,8,0,28.73,69,248.31
2019,3,21,9,0,30.15,61,383.59
2019,3,21,10,0,30.66,58,419.19
2019,3,21,11,0,31.48,55,514.42
2019,3,21,12,0,33.96,46,754.72
2019,3,21,13,0,34.34,44,551.8
2019,3,21,14,0,34.55,43,532.22
2019,3,21,15,0,34.64,42,697.76
2019,3,21,16,0,33.25,46,446.78
2019,3,21,17,0,32.58,49,198.47
2019,3,21,18,0,30.66,56,68.53
2019,3,21,19,0,28.2,71,0
2019,3,21,20,0,27.01,77,0
2019,3,21,21,0,26.37,80,0
2019,3,21,22,0,25.98,82,0
2019,3,21,23,0,25.72,85,0
2019,3,22,0,0,25.33,88,0
2019,3,22,1,0,24.83,92,0
2019,3,22,2,0,24.26,95,0
2019,3,22,3,0,24.1,96,0
2019,3,22,4,0,23.96,96,0
2019,3,22,5,0,23.95,96,0
2019,3,22,6,0,23.8,96,0
2019,3,22,7,0,26.69,83,109.47
2019,3,22,8,0,29.17,67,329.3
2019,3,22,9,0,31.31,55,532.22
2019,3,22,10,0,33.25,46,712.89
2019,3,22,11,0,34.78,41,844.61
2019,3,22,12,0,36.06,38,909.58
2019,3,22,13,0,36.8,36,892.67
2019,3,22,14,0,37.24,34,804.56
2019,3,22,15,0,37.16,34,692.42
2019,3,22,16,0,36.63,34,534
2019,3,22,17,0,35.4,37,341.76
2019,3,22,18,0,32.65,45,113.03
2019,3,22,19,0,31.24,55,0
2019,3,22,20,0,29.91,63,0
2019,3,22,21,0,28.92,70,0
2019,3,22,22,0,28.1,76,0
2019,3,22,23,0,27.53,80,0
2019,3,23,0,0,27.09,83,0
2019,3,23,1,0,26.74,85,0
2019,3,23,2,0,26.69,85,0
2019,3,23,3,0,27.08,83,0
2019,3,23,4,0,27.08,82,0
2019,3,23,5,0,26.96,81,0
2019,3,23,6,0,26.78,81,0
2019,3,23,7,0,27.82,76,82.77
2019,3,23,8,0,28.91,69,271.45
2019,3,23,9,0,30.11,62,307.05
2019,3,23,10,0,31,59,335.53
2019,3,23,11,0,32.37,53,491.28
2019,3,23,12,0,34.48,45,809.01
2019,3,23,13,0,35.06,42,838.38
2019,3,23,14,0,34.07,44,447.67
2019,3,23,15,0,33.63,45,325.74
2019,3,23,16,0,32.75,48,226.95
2019,3,23,17,0,31.78,53,135.28
2019,3,23,18,0,30.05,61,51.62
2019,3,23,19,0,28.78,68,0
2019,3,23,20,0,27.58,76,0
2019,3,23,21,0,26.87,80,0
2019,3,23,22,0,26.46,82,0
2019,3,23,23,0,26.21,83,0
2019,3,24,0,0,25.93,84,0
2019,3,24,1,0,25.59,86,0
2019,3,24,2,0,25.17,89,0
2019,3,24,3,0,24.89,90,0
2019,3,24,4,0,24.64,91,0
2019,3,24,5,0,24.44,92,0
2019,3,24,6,0,24.33,92,0
2019,3,24,7,0,27.34,77,100.57
2019,3,24,8,0,30.07,61,338.2
2019,3,24,9,0,32.27,51,553.58
2019,3,24,10,0,34.04,45,723.57
2019,3,24,11,0,35.36,41,842.83
2019,3,24,12,0,34.53,42,776.97
2019,3,24,13,0,34.13,43,319.51
2019,3,24,14,0,33.41,46,267
2019,3,24,15,0,32.83,47,209.15
2019,3,24,16,0,32.27,50,172.66
2019,3,24,17,0,31.73,52,119.26
2019,3,24,18,0,30.57,57,86.33
2019,3,24,19,0,28.28,70,0
2019,3,24,20,0,27.68,73,0
2019,3,24,21,0,27.25,75,0
2019,3,24,22,0,26.84,76,0
2019,3,24,23,0,26.44,77,0
2019,3,25,0,0,25.93,78,0
2019,3,25,1,0,25.42,80,0
2019,3,25,2,0,24.88,83,0
2019,3,25,3,0,24.49,84,0
2019,3,25,4,0,24.25,86,0
2019,3,25,5,0,24.13,86,0
2019,3,25,6,0,24.02,87,0
2019,3,25,7,0,26.96,72,106.8
2019,3,25,8,0,29.9,55,347.99
2019,3,25,9,0,32.17,47,556.25
2019,3,25,10,0,34.13,41,739.59
2019,3,25,11,0,35.29,38,841.05
2019,3,25,12,0,36.35,35,876.65
2019,3,25,13,0,37.05,33,877.54
2019,3,25,14,0,37.29,32,816.13
2019,3,25,15,0,36.95,33,700.43
2019,3,25,16,0,35.87,36,533.11
2019,3,25,17,0,33.96,43,339.98
2019,3,25,18,0,30.71,56,113.03
2019,3,25,19,0,28.29,66,0
2019,3,25,20,0,26.59,78,0
2019,3,25,21,0,25.87,84,0
2019,3,25,22,0,25.82,85,0
2019,3,25,23,0,25.99,84,0
2019,3,26,0,0,26.12,81,0
2019,3,26,1,0,26.02,79,0
2019,3,26,2,0,25.76,77,0
2019,3,26,3,0,25.4,77,0
2019,3,26,4,0,24.89,79,0
2019,3,26,5,0,24.41,81,0
2019,3,26,6,0,24.02,83,0
2019,3,26,7,0,26.64,70,60.52
2019,3,26,8,0,29.09,58,252.76
2019,3,26,9,0,31.37,48,536.67
2019,3,26,10,0,33.51,40,729.8
2019,3,26,11,0,35.03,36,872.2
2019,3,26,12,0,36.18,34,906.02
2019,3,26,13,0,36.9,33,903.35
2019,3,26,14,0,37.2,33,834.82
2019,3,26,15,0,36.87,34,706.66
2019,3,26,16,0,34.61,39,322.18
2019,3,26,17,0,32.64,45,235.85
2019,3,26,18,0,29.9,56,74.76
2019,3,26,19,0,28.1,66,0
2019,3,26,20,0,27.04,74,0
2019,3,26,21,0,26.96,74,0
2019,3,26,22,0,27.1,71,0
2019,3,26,23,0,27.84,63,0
2019,3,27,0,0,27.86,61,0
2019,3,27,1,0,27.71,60,0
2019,3,27,2,0,27.51,60,0
2019,3,27,3,0,27.33,61,0
2019,3,27,4,0,27.13,63,0
2019,3,27,5,0,26.97,63,0
2019,3,27,6,0,26.83,64,0
2019,3,27,7,0,27.87,60,64.97
2019,3,27,8,0,29.02,54,164.65
2019,3,27,9,0,31.28,46,331.08
2019,3,27,10,0,33.61,38,711.11
2019,3,27,11,0,35.21,34,864.19
2019,3,27,12,0,34.92,34,629.23
2019,3,27,13,0,35.46,33,516.2
2019,3,27,14,0,36.61,31,659.49
2019,3,27,15,0,36.56,32,719.12
2019,3,27,16,0,35.95,34,545.57
2019,3,27,17,0,34.52,38,343.54
2019,3,27,18,0,31.63,48,113.92
2019,3,27,19,0,27.4,73,0
2019,3,27,20,0,26.2,83,0
2019,3,27,21,0,26.08,84,0
2019,3,27,22,0,26.23,83,0
2019,3,27,23,0,26.28,83,0
2019,3,28,0,0,26.15,83,0
2019,3,28,1,0,25.87,85,0
2019,3,28,2,0,25.43,87,0
2019,3,28,3,0,24.93,90,0
2019,3,28,4,0,24.56,92,0
2019,3,28,5,0,24.39,94,0
2019,3,28,6,0,24.39,93,0
2019,3,28,7,0,27.23,79,112.14
2019,3,28,8,0,29.38,66,300.82
2019,3,28,9,0,31.44,55,553.58
2019,3,28,10,0,33.22,48,737.81
2019,3,28,11,0,34.58,43,820.58
2019,3,28,12,0,35.7,38,885.55
2019,3,28,13,0,36.32,36,886.44
2019,3,28,14,0,36.49,37,820.58
2019,3,28,15,0,36.11,37,697.76
2019,3,28,16,0,35.12,40,532.22
2019,3,28,17,0,33.49,46,334.64
2019,3,28,18,0,30.86,57,107.69
2019,3,28,19,0,27.91,77,0
2019,3,28,20,0,27.01,81,0
2019,3,28,21,0,26.85,81,0
2019,3,28,22,0,26.81,81,0
2019,3,28,23,0,26.75,82,0
2019,3,29,0,0,26.54,83,0
2019,3,29,1,0,26.09,86,0
2019,3,29,2,0,25.46,89,0
2019,3,29,3,0,25.07,91,0
2019,3,29,4,0,24.72,92,0
2019,3,29,5,0,24.49,93,0
2019,3,29,6,0,24.25,94,0
2019,3,29,7,0,27.32,78,125.49
2019,3,29,8,0,29.47,64,356
2019,3,29,9,0,31.41,54,552.69
2019,3,29,10,0,33.21,46,733.36
2019,3,29,11,0,34.57,42,826.81
2019,3,29,12,0,35.68,39,865.08
2019,3,29,13,0,36.38,37,865.97
2019,3,29,14,0,36.85,35,805.45
2019,3,29,15,0,36.83,34,698.65
2019,3,29,16,0,36.28,35,531.33
2019,3,29,17,0,35.39,37,335.53
2019,3,29,18,0,33.42,43,113.03
2019,3,29,19,0,30.62,57,0
2019,3,29,20,0,28.85,68,0
2019,3,29,21,0,27.8,75,0
2019,3,29,22,0,27.15,80,0
2019,3,29,23,0,26.79,83,0
2019,3,30,0,0,26.47,85,0
2019,3,30,1,0,26.15,87,0
2019,3,30,2,0,25.74,89,0
2019,3,30,3,0,25.26,92,0
2019,3,30,4,0,24.73,95,0
2019,3,30,5,0,24.6,95,0
2019,3,30,6,0,24.52,95,0
2019,3,30,7,0,27.04,83,109.47
2019,3,30,8,0,29.47,67,329.3
2019,3,30,9,0,31.65,55,552.69
2019,3,30,10,0,33.57,46,736.03
2019,3,30,11,0,35.15,42,853.51
2019,3,30,12,0,36.31,39,883.77
2019,3,30,13,0,36.99,35,863.3
2019,3,30,14,0,37.16,35,803.67
2019,3,30,15,0,35.45,38,498.4
2019,3,30,16,0,35.12,39,454.79
2019,3,30,17,0,33.87,44,183.34
2019,3,30,18,0,31.73,53,60.52
2019,3,30,19,0,30.88,57,0
2019,3,30,20,0,28.8,69,0
2019,3,30,21,0,27.57,78,0
2019,3,30,22,0,26.98,82,0
2019,3,30,23,0,26.7,84,0
2019,3,31,0,0,26.49,85,0
2019,3,31,1,0,26.2,86,0
2019,3,31,2,0,25.83,88,0
2019,3,31,3,0,25.37,90,0
2019,3,31,4,0,24.91,92,0
2019,3,31,5,0,24.58,94,0
2019,3,31,6,0,24.29,95,0
2019,3,31,7,0,27.66,77,129.94
2019,3,31,8,0,28.55,70,238.52
2019,3,31,9,0,30.91,59,399.61
2019,3,31,10,0,32.39,52,524.21
2019,3,31,11,0,32.12,51,591.85
2019,3,31,12,0,32.97,48,566.93
2019,3,31,13,0,34.99,42,550.02
2019,3,31,14,0,34.03,43,721.79
2019,3,31,15,0,34.05,42,566.93
2019,3,31,16,0,33.62,43,355.11
2019,3,31,17,0,33.25,44,333.75
2019,3,31,18,0,31.22,51,112.14
2019,3,31,19,0,30.09,58,0
2019,3,31,20,0,28.81,65,0
2019,3,31,21,0,27.67,73,0
2019,3,31,22,0,26.81,79,0
2019,3,31,23,0,26.27,83,0
2019,4,1,0,0,25.95,85,0
2019,4,1,1,0,25.72,85,0
2019,4,1,2,0,25.38,86,0
2019,4,1,3,0,24.97,88,0
2019,4,1,4,0,24.53,90,0
2019,4,1,5,0,24.35,90,0
2019,4,1,6,0,24.17,91,0.89
2019,4,1,7,0,27.17,75,118.37
2019,4,1,8,0,29.53,62,338.2
2019,4,1,9,0,30.13,58,455.68
2019,4,1,10,0,32.69,49,705.77
2019,4,1,11,0,33.94,44,825.92
2019,4,1,12,0,34.91,41,888.22
2019,4,1,13,0,35.5,38,881.99
2019,4,1,14,0,35.77,37,810.79
2019,4,1,15,0,35.61,37,693.31
2019,4,1,16,0,34.98,38,534
2019,4,1,17,0,33.76,42,339.09
2019,4,1,18,0,31.27,51,113.03
2019,4,1,19,0,29.27,61,0
2019,4,1,20,0,27.92,69,0
2019,4,1,21,0,26.96,76,0
2019,4,1,22,0,26.34,79,0
2019,4,1,23,0,25.86,81,0
2019,4,2,0,0,25.33,82,0
2019,4,2,1,0,24.66,85,0
2019,4,2,2,0,23.92,88,0
2019,4,2,3,0,23.45,90,0
2019,4,2,4,0,23.1,92,0
2019,4,2,5,0,22.91,92,0
2019,4,2,6,0,23.02,91,0.89
2019,4,2,7,0,26.39,74,122.82
2019,4,2,8,0,29.34,54,360.45
2019,4,2,9,0,31.7,43,580.28
2019,4,2,10,0,33.76,36,762.73
2019,4,2,11,0,35.2,33,890
2019,4,2,12,0,36.33,31,956.75
2019,4,2,13,0,37.03,30,954.08
2019,4,2,14,0,37.32,30,879.32
2019,4,2,15,0,37.01,31,708.44
2019,4,2,16,0,36.17,33,537.56
2019,4,2,17,0,34.59,38,336.42
2019,4,2,18,0,31.56,49,112.14
2019,4,2,19,0,28.01,72,0
2019,4,2,20,0,26.54,80,0
2019,4,2,21,0,26.21,80,0
2019,4,2,22,0,26.44,79,0
2019,4,2,23,0,26.98,76,0
2019,4,3,0,0,27.25,75,0
2019,4,3,1,0,27.41,75,0
2019,4,3,2,0,27.48,75,0
2019,4,3,3,0,27.29,76,0
2019,4,3,4,0,27.14,76,0
2019,4,3,5,0,26.95,77,0
2019,4,3,6,0,26.7,78,0.89
2019,4,3,7,0,28.68,69,132.61
2019,4,3,8,0,30.45,60,356
2019,4,3,9,0,32.16,53,557.14
2019,4,3,10,0,31.34,54,364.01
2019,4,3,11,0,31.71,53,294.59
2019,4,3,12,0,33.7,46,438.77
2019,4,3,13,0,32.23,50,534.89
2019,4,3,14,0,32.84,49,381.81
2019,4,3,15,0,32.31,50,311.5
2019,4,3,16,0,31.98,52,300.82
2019,4,3,17,0,32,52,335.53
2019,4,3,18,0,30.38,58,118.37
2019,4,3,19,0,28.32,71,0
2019,4,3,20,0,27.3,77,0
2019,4,3,21,0,26.8,80,0
2019,4,3,22,0,26.55,80,0
2019,4,3,23,0,26.38,80,0
2019,4,4,0,0,26.08,81,0
2019,4,4,1,0,25.71,83,0
2019,4,4,2,0,25.32,85,0
2019,4,4,3,0,25.05,86,0
2019,4,4,4,0,25.8,83,0
2019,4,4,5,0,25.73,83,0
2019,4,4,6,0,26.23,81,0.89
2019,4,4,7,0,27.81,73,73.87
2019,4,4,8,0,28.49,68,149.52
2019,4,4,9,0,31.07,57,453.01
2019,4,4,10,0,31.25,55,599.86
2019,4,4,11,0,31.46,53,312.39
2019,4,4,12,0,32.18,50,460.13
2019,4,4,13,0,32.15,50,324.85
2019,4,4,14,0,32.17,50,297.26
2019,4,4,15,0,32.1,50,256.32
2019,4,4,16,0,32.92,47,372.91
2019,4,4,17,0,31.77,50,248.31
2019,4,4,18,0,30.83,54,118.37
2019,4,4,19,0,29.55,60,0
2019,4,4,20,0,28.63,65,0
2019,4,4,21,0,27.84,71,0
2019,4,4,22,0,27.13,76,0
2019,4,4,23,0,26.6,81,0
2019,5,2,0,0,29.41,69,0
2019,5,2,1,0,28.76,72,0
2019,5,2,2,0,28.31,74,0
2019,5,2,3,0,28.05,75,0
2019,5,2,4,0,27.82,76,0
2019,5,2,5,0,27.67,77,0
2019,5,2,6,0,27.8,76,11.57
2019,5,2,7,0,30.02,66,182.45
2019,5,2,8,0,31.85,57,396.05
2019,5,2,9,0,33.49,51,595.41
2019,5,2,10,0,34.71,46,713.78
2019,5,2,11,0,34.2,46,627.45
2019,5,2,12,0,34.02,45,351.55
2019,5,2,13,0,34.6,43,376.47
2019,5,2,14,0,34.53,43,348.88
2019,5,2,15,0,34.36,43,313.28
2019,5,2,16,0,34.13,44,256.32
2019,5,2,17,0,34.2,43,206.48
2019,5,2,18,0,32.85,48,52.51
2019,5,2,19,0,32.45,53,0
2019,5,2,20,0,31.63,57,0
2019,5,2,21,0,31.16,60,0
2019,5,2,22,0,30.66,63,0
2019,5,2,23,0,30.15,66,0
2019,5,3,0,0,29.58,69,0
2019,5,3,1,0,29.7,68,0
2019,5,3,2,0,29.37,69,0
2019,5,3,3,0,28.86,72,0
2019,5,3,4,0,28.06,75,0
2019,5,3,5,0,27.58,78,0
2019,5,3,6,0,27.92,76,12.46
2019,5,3,7,0,30.36,66,184.23
2019,5,3,8,0,31.8,57,378.25
2019,5,3,9,0,33.02,52,558.92
2019,5,3,10,0,33.94,48,525.1
2019,5,3,11,0,33.38,49,479.71
2019,5,3,12,0,33.77,47,378.25
2019,5,3,13,0,34.28,45,638.13
2019,5,3,14,0,33.74,46,210.04
2019,5,3,15,0,33.94,46,296.37
2019,5,3,16,0,33.63,46,243.86
2019,5,3,17,0,33.32,47,166.43
2019,5,3,18,0,32.4,51,52.51
2019,5,3,19,0,32.03,53,0
2019,5,3,20,0,31.34,56,0
2019,5,3,21,0,30.74,60,0
2019,5,3,22,0,30.35,62,0
2019,5,3,23,0,29.5,67,0
2019,5,4,0,0,29.26,70,0
2019,5,4,1,0,28.58,74,0
2019,5,4,2,0,28.11,76,0
2019,5,4,3,0,27.8,78,0
2019,5,4,4,0,27.97,77,0
2019,5,4,5,0,27.72,79,0
2019,5,4,6,0,27.9,78,11.57
2019,5,4,7,0,30.04,67,180.67
2019,5,4,8,0,30.24,63,176.22
2019,5,4,9,0,31.23,58,291.03
2019,5,4,10,0,31.92,55,389.82
2019,5,4,11,0,32.81,52,477.04
2019,5,4,12,0,33.34,49,550.91
2019,5,4,13,0,34.79,44,659.49
2019,5,4,14,0,34.62,44,599.86
2019,5,4,15,0,34.58,43,493.06
2019,5,4,16,0,34.49,43,374.69
2019,5,4,17,0,34.35,43,326.63
2019,5,4,18,0,33.08,47,105.02
2019,5,4,19,0,31.3,59,0
2019,5,4,20,0,30.58,63,0
2019,5,4,21,0,29.99,67,0
2019,5,4,22,0,29.41,70,0
2019,5,4,23,0,28.88,74,0
2019,5,5,0,0,28.39,76,0
2019,5,5,1,0,28.02,78,0
2019,5,5,2,0,27.7,78,0
2019,5,5,3,0,27.5,79,0
2019,5,5,4,0,27.28,79,0
2019,5,5,5,0,27.07,79,0
2019,5,5,6,0,27.22,79,10.68
2019,5,5,7,0,29.14,70,176.22
2019,5,5,8,0,30.86,62,379.14
2019,5,5,9,0,32.22,56,566.93
2019,5,5,10,0,33.61,51,720.01
2019,5,5,11,0,34.85,46,827.7
2019,5,5,12,0,35.86,42,870.42
2019,5,5,13,0,36.61,39,865.97
2019,5,5,14,0,37.06,36,799.22
2019,5,5,15,0,37.09,36,681.74
2019,5,5,16,0,36.46,36,468.14
2019,5,5,17,0,36.11,37,327.52
2019,5,5,18,0,34.55,41,117.48
2019,5,5,19,0,32.36,53,0
2019,5,5,20,0,32.05,55,0
2019,5,5,21,0,31.02,59,0
2019,5,5,22,0,30.27,62,0
2019,5,5,23,0,29.65,65,0
2019,5,6,0,0,29,68,0
2019,5,6,1,0,28.39,71,0
2019,5,6,2,0,27.83,74,0
2019,5,6,3,0,27.34,77,0
2019,5,6,4,0,26.91,80,0
2019,5,6,5,0,26.54,82,0
2019,5,6,6,0,27.07,80,13.35
2019,5,6,7,0,29.33,70,186.01
2019,5,6,8,0,31.01,62,369.35
2019,5,6,9,0,32.22,57,452.12
2019,5,6,10,0,32.3,55,466.36
2019,5,6,11,0,32.79,53,359.56
2019,5,6,12,0,34.67,47,550.02
2019,5,6,13,0,33.74,49,329.3
2019,5,6,14,0,35.12,45,510.86
2019,5,6,15,0,34.78,45,596.3
2019,5,6,16,0,34.72,45,342.65
2019,5,6,17,0,34.05,46,237.63
2019,5,6,18,0,32.75,50,112.14
2019,5,6,19,0,31.7,57,0
2019,5,6,20,0,30.57,62,0
2019,5,6,21,0,29.73,66,0
2019,5,6,22,0,29.02,69,0
2019,5,6,23,0,28.37,72,0
2019,5,7,0,0,27.72,76,0
2019,5,7,1,0,27.21,79,0
2019,5,7,2,0,26.72,82,0
2019,5,7,3,0,26.37,84,0
2019,5,7,4,0,26.18,84,0
2019,5,7,5,0,26.08,85,0
2019,5,7,6,0,26.82,81,12.46
2019,5,7,7,0,28.95,72,167.32
2019,5,7,8,0,30.4,66,313.28
2019,5,7,9,0,31.07,62,354.22
2019,5,7,10,0,31.53,59,261.66
2019,5,7,11,0,32.28,56,394.27
2019,5,7,12,0,33.17,52,483.27
2019,5,7,13,0,33.39,50,507.3
2019,5,7,14,0,33.45,50,343.54
2019,5,7,15,0,33.32,51,234.07
2019,5,7,16,0,33.09,51,276.79
2019,5,7,17,0,33.13,51,207.37
2019,5,7,18,0,31.97,55,107.69
2019,5,7,19,0,31.69,59,0
2019,5,7,20,0,30.79,64,0
2019,5,7,21,0,29.95,68,0
2019,5,7,22,0,29.26,71,0
2019,5,7,23,0,28.63,73,0
2019,5,8,0,0,27.99,75,0
2019,5,8,1,0,27.51,78,0
2019,5,8,2,0,26.98,80,0
2019,5,8,3,0,26.61,82,0
2019,5,8,4,0,26.37,83,0
2019,5,8,5,0,26.27,84,0
2019,5,8,6,0,26.75,81,13.35
2019,5,8,7,0,28.89,73,178.89
2019,5,8,8,0,30.86,64,381.81
2019,5,8,9,0,32.33,57,558.03
2019,5,8,10,0,33.76,51,703.1
2019,5,8,11,0,35.01,46,797.44
2019,5,8,12,0,34.34,47,505.52
2019,5,8,13,0,34.59,46,389.82
2019,5,8,14,0,34.21,47,335.53
2019,5,8,15,0,33.72,49,254.54
2019,5,8,16,0,33.43,50,213.6
2019,5,8,17,0,33.35,50,148.63
2019,5,8,18,0,32.09,54,119.26
2019,5,8,19,0,30.45,63,0.89
2019,5,8,20,0,29.67,67,0
2019,5,8,21,0,29.09,70,0
2019,5,8,22,0,28.56,72,0
2019,5,8,23,0,28.06,75,0
2019,5,9,0,0,27.59,77,0
2019,5,9,1,0,27.18,79,0
2019,5,9,2,0,26.82,81,0
2019,5,9,3,0,26.54,82,0
2019,5,9,4,0,26.4,83,0
2019,5,9,5,0,26.33,83,0
2019,5,9,6,0,26.96,81,14.24
2019,5,9,7,0,29.16,72,187.79
2019,5,9,8,0,29.38,71,175.33
2019,5,9,9,0,30.36,66,219.83
2019,5,9,10,0,30.99,62,353.33
2019,5,9,11,0,31.16,61,402.28
2019,5,9,12,0,31.04,61,286.58
2019,5,9,13,0,31.47,60,307.05
2019,5,9,14,0,31.14,61,278.57
2019,5,9,15,0,30.76,63,241.19
2019,5,9,16,0,30.29,65,186.9
2019,5,9,17,0,29.73,68,112.14
2019,5,9,18,0,29.13,71,43.61
2019,5,9,19,0,29.72,70,0
2019,5,9,20,0,28.72,75,0
2019,5,9,21,0,28.11,78,0
2019,5,9,22,0,27.58,81,0
2019,5,9,23,0,26.99,84,0
2019,5,10,0,0,26.49,87,0
2019,5,10,1,0,26.13,89,0
2019,5,10,2,0,25.67,91,0
2019,5,10,3,0,25.36,92,0
2019,5,10,4,0,25.06,93,0
2019,5,10,5,0,24.88,93,0
2019,5,10,6,0,25.38,90,14.24
2019,5,10,7,0,27.42,79,186.01
2019,5,10,8,0,29.67,67,394.27
2019,5,10,9,0,31.29,59,580.28
2019,5,10,10,0,32.63,55,728.02
2019,5,10,11,0,31.68,57,393.38
2019,5,10,12,0,31.44,58,310.61
2019,5,10,13,0,32.53,55,507.3
2019,5,10,14,0,30.66,63,173.55
2019,5,10,15,0,29.95,67,141.51
2019,5,10,16,0,29.24,71,112.14
2019,5,10,17,0,28.59,74,69.42
2019,5,10,18,0,27.97,77,26.7
2019,5,10,19,0,27.62,81,0
2019,5,10,20,0,27.47,81,0
2019,5,10,21,0,27.58,80,0
2019,5,10,22,0,27.72,79,0
2019,5,10,23,0,27.88,79,0
2019,5,11,0,0,27.68,80,0
2019,5,11,1,0,27.5,81,0
2019,5,11,2,0,27.24,83,0
2019,5,11,3,0,27.12,83,0
2019,5,11,4,0,27.07,84,0
2019,5,11,5,0,27.07,84,0
2019,5,11,6,0,27.21,83,5.34
2019,5,11,7,0,27.76,81,40.94
2019,5,11,8,0,28.71,76,142.4
2019,5,11,9,0,30.11,68,207.37
2019,5,11,10,0,31.12,62,330.19
2019,5,11,11,0,31.96,57,410.29
2019,5,11,12,0,32.06,56,372.02
2019,5,11,13,0,33.68,51,440.55
2019,5,11,14,0,32.13,55,307.05
2019,5,11,15,0,31.8,56,260.77
2019,5,11,16,0,31.41,58,210.93
2019,5,11,17,0,30.82,60,125.49
2019,5,11,18,0,30.1,64,48.06
2019,5,11,19,0,29.23,68,0.89
2019,5,11,20,0,28.72,72,0
2019,5,11,21,0,28.5,76,0
2019,5,11,22,0,28.57,78,0
2019,5,11,23,0,28.69,81,0
2019,5,12,0,0,28.44,83,0
2019,5,12,1,0,28.27,84,0
2019,5,12,2,0,27.81,86,0
2019,5,12,3,0,27.52,86,0
2019,5,12,4,0,27.3,86,0
2019,5,12,5,0,27.09,85,0
2019,5,12,6,0,27.4,82,9.79
2019,5,12,7,0,28.78,75,131.72
2019,5,12,8,0,30.13,69,265.22
2019,5,12,9,0,31.34,61,436.1
2019,5,12,10,0,32.41,56,660.38
2019,5,12,11,0,32.84,54,642.58
2019,5,12,12,0,33.32,51,567.82
2019,5,12,13,0,34.38,48,614.99
2019,5,12,14,0,33.24,51,416.52
2019,5,12,15,0,32.95,51,345.32
2019,5,12,16,0,33.38,51,438.77
2019,5,12,17,0,31.99,55,159.31
2019,5,12,18,0,31.18,58,40.94
2019,5,12,19,0,30.4,61,0
2019,5,12,20,0,29.37,68,0
2019,5,12,21,0,28.74,73,0
2019,5,12,22,0,28.3,77,0
2019,5,12,23,0,28.04,80,0
2019,5,13,0,0,27.92,81,0
2019,5,13,1,0,27.7,82,0
2019,5,13,2,0,27.47,83,0
2019,5,13,3,0,27.33,83,0
2019,5,13,4,0,27.24,84,0
2019,5,13,5,0,27.14,84,0
2019,5,13,6,0,27.58,82,10.68
2019,5,13,7,0,29.26,74,140.62
2019,5,13,8,0,29.09,73,139.73
2019,5,13,9,0,31.24,61,403.17
2019,5,13,10,0,32.87,54,645.25
2019,5,13,11,0,34.52,49,797.44
2019,5,13,12,0,33.62,50,370.24
2019,5,13,13,0,34.01,48,415.63
2019,5,13,14,0,34.2,47,474.37
2019,5,13,15,0,34.06,47,385.37
2019,5,13,16,0,33.61,49,272.34
2019,5,13,17,0,33.05,51,127.27
2019,5,13,18,0,31.86,57,57.85
2019,5,13,19,0,30.86,63,0.89
2019,5,13,20,0,29.72,69,0
2019,5,13,21,0,29.15,73,0
2019,5,13,22,0,28.63,75,0
2019,5,13,23,0,28.11,79,0
2019,5,14,0,0,27.7,81,0
2019,5,14,1,0,27.85,80,0
2019,5,14,2,0,27.82,82,0
2019,5,14,3,0,27.76,83,0
2019,5,14,4,0,27.27,85,0
2019,5,14,5,0,26.88,87,0
2019,5,14,6,0,27.29,85,15.13
2019,5,14,7,0,29,76,144.18
2019,5,14,8,0,28.94,72,119.26
2019,5,14,9,0,30.98,63,407.62
2019,5,14,10,0,32.88,55,660.38
2019,5,14,11,0,34.03,51,631.9
2019,5,14,12,0,33.27,52,497.51
2019,5,14,13,0,32.74,53,215.38
2019,5,14,14,0,32.41,53,167.32
2019,5,14,15,0,32.91,51,273.23
2019,5,14,16,0,33.1,51,356
2019,5,14,17,0,32.64,52,259.88
2019,5,14,18,0,31.59,55,104.13
2019,5,14,19,0,30.73,59,0.89
2019,5,14,20,0,30.08,64,0
2019,5,14,21,0,29.66,69,0
2019,5,14,22,0,29.41,73,0
2019,5,14,23,0,28.97,77,0
2019,5,15,0,0,28.98,77,0
2019,5,15,1,0,28.27,79,0
2019,5,15,2,0,27.55,83,0
2019,5,15,3,0,27.11,84,0
2019,5,15,4,0,26.78,85,0
2019,5,15,5,0,26.45,87,0
2019,5,15,6,0,26.91,84,16.02
2019,5,15,7,0,29.33,72,191.35
2019,5,15,8,0,30.49,65,361.34
2019,5,15,9,0,32.21,58,577.61
2019,5,15,10,0,32.82,54,646.14
2019,5,15,11,0,34.16,51,586.51
2019,5,15,12,0,33.53,52,608.76
2019,5,15,13,0,33.55,51,593.63
2019,5,15,14,0,34.33,49,325.74
2019,5,15,15,0,35.15,46,466.36
2019,5,15,16,0,34.93,47,446.78
2019,5,15,17,0,34.32,48,325.74
2019,5,15,18,0,32.99,52,73.87
2019,5,15,19,0,32.14,57,0
2019,5,15,20,0,30.83,64,0
2019,5,15,21,0,29.55,72,0
2019,5,15,22,0,28.88,77,0
2019,5,15,23,0,28.22,82,0
2019,5,16,0,0,27.94,83,0
2019,5,16,1,0,27.7,83,0
2019,5,16,2,0,27.59,83,0
2019,5,16,3,0,27.37,84,0
2019,5,16,4,0,27.13,84,0
2019,5,16,5,0,26.87,85,0
2019,5,16,6,0,27.25,84,16.02
2019,5,16,7,0,29.52,72,191.35
2019,5,16,8,0,29.95,67,236.74
2019,5,16,9,0,31.89,60,529.55
2019,5,16,10,0,33.14,55,606.09
2019,5,16,11,0,32.75,56,414.74
2019,5,16,12,0,33.29,53,534
2019,5,16,13,0,33.76,51,617.66
2019,5,16,14,0,33.28,52,251.87
2019,5,16,15,0,32.86,53,174.44
2019,5,16,16,0,32.6,53,202.92
2019,5,16,17,0,32.43,54,168.21
2019,5,16,18,0,31.38,58,61.41
2019,5,16,19,0,30.1,64,0.89
2019,5,16,20,0,29.48,67,0
2019,5,16,21,0,28.99,70,0
2019,5,16,22,0,28.48,72,0
2019,5,16,23,0,28.06,74,0
